sample_index,Delta Bader,ICOBI-L1,Work Function,d-band center,d-band width,Strain
24,-0.03058287381296728,-0.18554740770581132,-0.010527915097358263,-0.009916986075311829,-0.11082410438339022,-0.0547424114644518
27,-0.029821779077765002,-0.15571565396010353,-0.01583731590496563,0.00867245302126618,-0.11503981635126562,-0.06812217727887543
39,0.06369782882754375,0.030903824557464876,0.06798478693325173,0.16934176989907904,0.24654464517087882,0.0391376248849851
15,0.05106704646781942,0.04619137736168397,0.022036446193918813,-0.01474898979372459,-0.02489536533887506,0.019856603090780158
0,0.00961626658498467,0.13372307458665125,0.01348630967215596,0.021392076814579882,-0.06995867217066204,0.014201778453426347
51,-0.009584711261398055,-0.09525880875132182,-0.02760266585411781,0.043070562514874136,0.00956703894681779,-0.016310704941760793
47,-0.04971608266318379,-0.15611486178295447,-0.03470910903756615,0.07016780305656474,0.0228403614427486,0.006132730375561418
28,-0.05906687776927321,-0.004946159752141244,-0.04698197848741428,-0.14501448001542117,-0.04044357691432271,-0.1448121801061612
14,-0.01811801935166306,0.0909099491734649,-0.002909279038655275,0.0016220471904194456,-0.07295134171205464,-0.009287277548613691
35,-0.004495210971940278,-0.0997250547554994,-0.02046988625063125,-0.12867203119037213,0.01980394357277023,0.01616454030457587
23,0.06839325378862332,0.13513727932335493,-0.011520091421739723,-0.03852637315608608,-0.01796772742799802,-0.04813584731788242
40,0.022078378824862695,0.06338444403582699,0.06792807420198627,0.03551113251461314,0.007567430122897928,0.026035876866614373
3,0.03534885468324542,0.02424115750948895,0.027334833016497907,-0.04110090408075113,-0.024597753801024653,0.013386661673741886
13,-0.05371923032017264,0.03004882378351212,-0.029262011656443383,-0.015125295363874006,-0.07017029131570515,-0.012346585695402142
11,-0.042474683227210056,0.03784761869735623,-0.010806202345691858,0.0318462642881515,-0.0488573997744382,0.0025651595944227654
49,0.03065482813573216,-0.011804735505848152,0.05791874015343377,0.10617786582676436,0.18130064905080184,0.08263769234668404
20,-0.02321379310564779,-0.28200689397271256,0.012897570665223512,-0.042799339385315056,-0.05681310342798637,-0.014262304977599451
33,-0.02266941963182054,-0.25420349727319946,-0.05517195847478576,-0.13276574010202258,-0.04601329316574415,-0.0005034754267277952
31,-0.03742692033763568,-0.30907772165402875,-0.08182695871764244,-0.14464677332727943,-0.05842514299439443,-0.033109631678276075
29,-0.11582690490258513,-0.007920939808789329,-0.03265546798849544,-0.04968506910715847,-0.07337076138471654,-0.02892349391807526
22,-0.05324528328324476,0.04317123548053657,-0.02930921081646346,-0.0877375734028685,0.013629032454775092,-0.020674300714049555
30,-0.15659357587954406,-0.004710605310309313,-0.03491697592986402,-0.07623563318412246,-0.08990845034880271,-0.0389740664414819
44,-0.04376823237257983,-0.15594841562686518,-0.03496659807378682,0.07926777636900142,0.02314222500960494,0.008447503867127643
48,0.05911278197389656,0.0007149410267480727,0.05354054530199507,0.12927258815318773,0.235664180850697,0.11418713571012844
8,0.01184200284711004,0.10556470403325796,-0.05641172793576484,0.023815658143612684,-0.08636316786649646,-0.022893431190099157
2,0.014572521720152498,-0.12987410405712663,0.055242760031297855,0.036348155597205306,-0.04988266674406481,0.0024145746878535546
25,-0.05751014722567323,-0.0021164784389756663,-0.040929499761697914,-0.1550243783345838,-0.031751484232303395,-0.12731162866324666
10,0.015353963331919792,0.11214896007371293,0.027219014330777225,-0.003966326027082315,-0.023075407858373437,-0.035760957512688624
52,0.027779223527148567,0.0857209342314409,0.07508279964542353,0.1223914808823534,0.19160965659503712,0.047607317219540216
36,-0.09076398102419804,0.027785466356078536,-0.03747942095011045,-0.09378994927141265,-0.05551007229512988,-0.019889390671019653
41,-0.023101844986415782,-0.09236763527528145,-0.008893460670240142,0.08786171447897086,0.021980323689091075,0.007602952929729049
53,6.132791178523056e-05,-0.10816624622635296,-0.022959251677446807,0.10709066008394687,0.09058280374695914,0.007030926707397916
43,-0.0015029828318816538,-0.01711621287860924,0.008524991881784781,0.045283694445949825,-0.006241289168902667,0.007112954981567101
12,0.02356450555396449,0.10475526873659599,-0.014668662192525049,-0.07322268085539761,0.06060735994080176,0.008468076529081714
50,0.01805532354312852,-0.0020185126804566633,0.05608872086577714,0.1529729835954553,0.24111259091708154,0.031226251974716776
16,0.0016525354122904744,0.1425409000323574,-0.02224249753383422,-0.008598453024430339,-0.0681256783078144,-0.0007903082422583904
18,0.017434727787266957,0.10201159577000687,-0.002598545184027981,-0.03595604866932232,-0.046869332647872276,0.025633443840768818
26,0.03840656999317626,0.09743812316333593,-0.045153584600483306,-0.021719157190385238,-0.06705840282257765,-0.044279924071566085
19,0.0821664465375424,0.11016438636688465,0.01768621419971635,-0.023295989266285372,0.02003037768205287,0.013091513693432586
6,0.01563791228020689,-0.056564018361540416,0.04415351129383609,0.06136593839187782,-0.08774185770135377,-0.014648779307155121
42,0.08876732531702206,0.027686537485887674,0.06390546549381176,0.1624011643762785,0.24466697143535807,0.09509202534539316
55,0.04077909332220318,0.15618820206725192,0.11683520165443723,0.025550818584717083,0.025033088045748775,0.10010852338457653
38,-0.034653890552444666,-0.22027087175225765,-0.027747507636168844,-0.1331624671692713,-0.04908884101806935,-0.027863824906162883
7,0.020029037587974884,0.10515104582769859,0.036196284085372496,-0.016040573903480737,-0.016713810379315554,-0.02049551179280955
46,-0.002106291598512427,-0.03522706447282634,-0.004099168330429619,0.04779356881398743,-0.006970284290796286,0.009458729435352472
21,-0.010145322611474068,-0.13296365241021296,-0.02456053814276254,-0.13264108696925225,-0.03568526290222747,0.010991967695886895
32,-0.0722462521776483,0.050628614773875265,-0.023394141581080562,-0.07030139101117276,-0.06308398493064886,-0.0053726054220907815
34,-0.05120319874112878,0.13312418495044298,-0.04173869971218225,-0.05057354172846523,-0.0640055031133037,0.002918625688347831
37,0.07859202736978231,0.06157822173906803,0.1104839210456821,-0.028174937504734543,0.037630639756495755,0.040902013204030856
4,0.0421550545646988,0.0966509090984308,-0.004816819342804063,-0.025444568694485133,-0.020677528210194984,0.00940667239290937
5,0.028257476176914445,0.17030569621666225,-0.016812300267830448,0.04310292919167168,-0.06509131506984951,-0.005982408176888915
1,0.05414184354897537,0.11736603437322708,-0.05521061788072345,-0.029486882075252924,-0.07535522026616275,-0.0008607635689022418
54,0.07034028706274258,0.017624606641344576,0.05323047573455906,0.1438591162290189,0.22586312286048166,0.07945642268053814
9,0.013517272908338596,-0.055504539706092926,0.03469145914446845,0.0760574603320456,-0.09949277494655605,-0.02815188902692775
17,0.02879566517614054,0.0856866486256517,-0.004227704390973724,-0.009461498617581469,-0.04654397686103399,0.01591995603947887
45,0.021686126950814722,0.028775326020016527,-0.08905035265869911,0.005597435701310891,0.06638822085332798,-0.012690375537477197
