sample_index,Delta Bader,ICOBI-L1,d-band center,Strain
24,-0.035082695983092105,-0.28337500978798214,-0.07073196688045984,-0.2736771237744784
27,-0.026682519751439204,-0.2329059853828866,-0.0425961288748002,-0.29907718529623023
39,0.16353010990309538,0.07293873186261923,0.29986040203477876,0.07421013483032289
15,0.06521805243900355,0.1286369741457209,-0.032434073470735125,0.06836224607950094
0,0.03596359194579904,0.17770619623052095,-0.05617265145359565,-0.05545144311976883
51,-0.014586302878645957,-0.15966664013158055,0.15719466209868518,0.11096405392892564
47,-0.18987633022951375,-0.2980471425633198,0.1789803205080912,-0.025735786536500216
28,-0.05122543667377414,0.05347733686555406,-0.17619243984704291,-0.25060912557645465
14,0.021147693061511652,0.14790036180428226,-0.0584305030991622,0.04365568788455259
35,-0.05272170672039422,-0.10564176308176548,-0.18813202093868497,-0.04098455579633148
23,0.06677356059206777,0.2207860719905375,-0.08813213296196659,-0.1817828675039321
40,0.02363115020825879,-0.10444362512005301,0.08470801957717322,0.10736351202044543
3,-0.012680565991296147,0.09096089107149184,-0.0692371943580073,0.05175567485422271
13,-0.08612101122781549,0.11057141825097291,-0.050556605355311424,0.05377419502728315
11,-0.051827806319263266,0.09807911964800158,-0.04347117900634884,0.06269837742345472
49,0.09565464481165675,0.0028674335772970183,0.3125324980049966,0.1850416053958581
20,-0.06001372494962483,-0.48505090453422695,-0.10659357165143447,-0.009160899894088748
33,-0.0709759815894676,-0.29598455090796044,-0.17429085519151777,0.008436586883621033
31,-0.10576908184272545,-0.37752613721887635,-0.1806285852190713,0.0593130107691644
29,-0.18414878315406819,0.050750026435848083,-0.15987904106707898,0.02055470878613247
22,0.03196575802583092,0.0906575187603191,-0.15660710816852824,0.07108290526057899
30,-0.2259873194089605,0.06634705834767914,-0.1500699700141114,0.006128080330566499
44,-0.17226686033227442,-0.29938975345848307,0.18556033656306706,-0.015668210603701382
48,0.1418549632111971,0.011054321824367719,0.31926066506903433,0.24310095382443958
8,0.026269318495080612,0.21782799877769268,-0.010804053662278504,-0.1769571990837936
2,0.021775853046752062,-0.14918858184119835,0.012669776834134616,0.05608675149111767
25,-0.06308147545879979,0.052527551266708994,-0.1916703377837988,-0.2186201657844901
10,0.05865591610442307,0.20617922659973648,-0.03459799229849292,-0.1214649928668268
52,0.04029901527912577,0.08185805806088767,0.2723225907166372,0.07219065166393919
36,-0.0545310207493263,0.07932108622217507,-0.19197518942176225,0.05143201972250383
41,-0.1661945882696487,-0.2030848635858581,0.19603964817777056,0.08661290791064727
53,-0.024723108752971318,-0.24312932952071853,0.2333742152739158,0.07747085634382214
43,-0.036121158251514476,-0.20856334340709082,0.10295464106348198,-0.020915583816948136
12,-0.057063283895495795,0.159375941051365,-0.14598390545170697,0.06372752668229796
50,0.11210159654746107,0.024742339603323615,0.3403673894142937,0.11083323317385052
16,-0.02231373377096027,0.0805029874139831,-0.06237610869913308,-0.020068639274195353
18,0.013939058368650045,0.1489400304160799,-0.11827078741926793,-0.07879169144811704
26,0.036320428075850536,0.2192376808582073,-0.07658419500117628,-0.20856568366869713
19,0.1171197544546494,0.15525403152317657,-0.113726486416812,0.0010764711440862385
6,0.03529872352144736,-0.03270002001686982,0.03362801051659499,-0.16978287272686857
42,0.16689776479988053,0.05335535841664385,0.3765758770415295,0.17282916812010704
55,0.04954742484195321,0.024071010428623085,0.03184999816430291,0.18815406140997773
38,-0.22756274558235007,-0.30742862881873007,-0.2027935510632349,0.05439461638985821
7,0.05209884295985151,0.19259837690382917,-0.050989692938570724,-0.11493961035951886
46,-0.03223144503109443,-0.22308221592166347,0.11565616662097206,-0.02912101704671602
21,-0.1299685226533696,-0.1381324126629445,-0.19598929329358433,0.009200260790176162
32,-0.062388726157577165,0.11450988879432607,-0.14977161887977003,0.006577942640371565
34,-0.10172225149693405,0.08122390700066351,-0.13805577487099563,-0.034149558081047915
37,0.18993802242040292,0.13827992641799144,-0.12570668481244268,0.11760410953969656
4,0.1351782394776702,0.1340123462529656,-0.10999953232337206,0.10249488253894636
5,0.04481227389143598,0.23295453724693294,-0.02394706132980351,-0.15141903873192064
1,0.11326025738388297,0.1810955590297753,-0.041979654173243675,0.042347678721213616
54,0.16130538883207565,0.045097227251601923,0.36456723745445535,0.19947351247948483
9,0.035487855409211566,-0.034909320709378036,0.061443992714847726,-0.18631055130459753
17,0.11213141875764704,0.12941333497319124,-0.09862250858229568,0.09700993650155516
45,0.14969151025652494,0.10713836334649358,0.20845400813083695,0.007295481732503439
