sample_index,ICOBI-L1,d-band center,Strain
24,-0.3489355348606765,-0.16070989605715613,-0.19268654219229853
27,-0.2993150158877733,-0.12938045543588828,-0.21942598843867678
39,0.13219454583067058,0.35332159186109996,0.11576601142015369
15,0.12589463827755418,-0.04968180177746853,0.05602223397285215
0,0.1247148660416783,0.03277111137828609,-0.007834772361762582
51,-0.09869178371095721,0.13911817209427216,0.08520483544492076
47,-0.28508008279655095,0.07718309385450572,-0.0922678433572389
28,-0.03982973591113381,-0.2291075379912394,-0.20945116148302986
14,0.150002595389684,-0.00743959827067206,0.022003809545358965
35,-0.1175928381195217,-0.19950649456825445,-0.0038050730078856843
23,0.1860533493473867,-0.005786817434333957,-0.05010187442169729
40,-0.08168197601190746,0.09798216672374413,0.06301564117402154
3,0.10135023195969742,-0.07829460208262849,0.04650033016623355
13,0.11562262152545799,-0.08218753757449129,-0.04879802646024242
11,0.10866646864959503,0.006919411540476192,-0.007689177665880301
49,0.07526610792057209,0.29951503774374355,0.2069878973042738
20,-0.41904922847557347,-0.13039777990220808,-0.09116019325332514
33,-0.28792954223324374,-0.16774618745093883,-0.049655987723572936
31,-0.41462899336915565,-0.15857979492582824,-0.054085943994002905
29,0.006059558283199484,-0.16323663114582132,-0.1193188686902237
22,0.11103220581491823,-0.13266674347140434,0.00010250788640482622
30,0.07035163000273906,-0.16018423719501987,-0.0696088081810381
44,-0.2854052459987884,0.07215786399546115,-0.0775529314975828
48,0.10870784896310104,0.3246103550049051,0.2994603543069843
8,0.10100052007363548,0.0289469994205135,-0.07191138651495929
2,-0.1396625207415485,0.008532084776749924,0.050067099968427356
25,-0.04074007312666228,-0.24379602790458765,-0.19226723060193385
10,0.1799876453023845,-0.01879065698788214,-0.013202084856295149
52,0.10363809759916986,0.19650808624755634,0.15928067900484227
36,0.09657071183472629,-0.13674605293152664,-0.027865953694371032
41,-0.20710159742753934,0.09836790828775782,0.050263470875310995
53,-0.19288022031973828,0.13650440787061402,0.06773374077617395
43,-0.09963213843535855,-0.0012976635693033867,-0.05403319309813409
12,0.13684283709637188,-0.10815624821046096,0.021182244094618857
50,0.060768550111310826,0.36660620474698336,0.09871049040959329
16,0.03612314934780862,0.03153588431170798,-0.008668290504875456
18,0.12374006328555097,-0.0700927223471403,-0.0510344060635739
26,0.14021460168939193,-0.05316128830458383,-0.09484324585807458
19,0.16664017569522774,-0.08349636756283396,-0.06424836856437952
6,-0.013092661921973413,-0.003877606507206692,-0.041930067867892815
42,0.16332594056285143,0.3564100346828466,0.2448621197308798
55,0.04276122425283402,0.09645416556259379,0.15290472785125825
38,-0.41692627483546085,-0.19940963109825016,-0.05975527054529162
7,0.16752456992322826,-0.030868048265915285,-0.0016207906261060667
46,-0.10148077940324152,-0.0010210938740607411,-0.06102318900300342
21,-0.17792400798625307,-0.24719277686554594,-0.05144053006343463
32,0.14552270918423127,-0.07649628413845119,-0.012570398677144018
34,-0.0031369170982935846,-0.09855373316317736,-0.10695929778810409
37,0.19159235448501719,0.00037433441840617476,0.14293420442736676
4,0.15255352819909945,-0.026600018139558784,0.07405916561060272
5,0.07671903840100694,-0.0323631467050044,-0.08010151763330217
1,0.13493231758800694,-0.0357812485299141,0.03614174470066309
54,0.1485096111187142,0.3544191891650129,0.22234443161866513
9,-0.02542114950514715,0.014746548616022467,-0.0746383777412873
17,0.1507388243896408,0.002861610788797264,0.08650133962142159
45,0.1605151800300347,0.2267604672966989,0.05950771251959219
