Metal ,Support,Termination,Number of Metal Layers,E_OH(ligand),Delta Bader,ICOBI-L1,d-band center,Strain
Ag(111),CrC111,Cr,1,-0.11,-0.19,0.15,-4.07,-0.8
Ag(111),CuN111,Cu,1,-0.1,-0.08,0.09,-3.99,1.19
Ag(111),CuN111,C,1,-0.37,0.1,0.4,-4.07,1.19
Ag(111),CuN111,N,1,-0.28,0.19,0.28,-3.72,1.19
Ag(111),MoC111,Mo,1,0.03,-0.21,0.18,-3.86,6.5
Ag(111),NiC111,Ni,1,-0.33,-0.06,0.08,-4.07,-2.7
Ag(111),NiC111,C,1,-0.33,0.1,0.33,-4.05,-2.7
Ag(111),NiC111,N,1,-0.03,0.17,0.21,-3.71,-2.7
Ag(111),NiN111,Ni,1,-0.22,-0.07,0.09,-4.23,-3.01
Ag(111),NiN111,C,1,-0.35,0.11,0.33,-4.12,-3.01
Ag(111),NiN111,N,1,-0.16,0.19,0.2,-3.74,-3.01
Ag(111),TiC111,Ti,1,-0.18,-0.41,0.21,-4.3,5.53
Ag(111),TiC111,N,1,-0.26,0.18,0.2,-3.41,5.53
Ag(111),TiN111,Ti,1,-0.26,-0.42,0.2,-4.23,3.35
Ag(111),VC111,V,1,-0.14,-0.28,0.17,-4.14,1.32
Ag(111),VC111,C,1,0.11,0.12,0.27,-3.81,1.32
Ag(111),VN111,V,1,-0.24,-0.29,0.01,-4.15,0.18
Ag(111),WC111,W,1,-0.1,-0.23,0.18,-3.98,6.6
Au(111),CrC111,Cr,1,-0.36,-0.29,0.16,-3.77,-1.49
Au(111),CuN111,Cu,1,-0.24,-0.16,0.1,-3.53,0.5
Au(111),CuN111,C,1,-1.01,0.1,0.54,-3.9,0.5
Au(111),CuN111,N,1,-0.94,0.19,0.37,-3.45,0.5
Au(111),MoC111,Mo,1,-0.29,-0.36,0.21,-3.42,5.77
Au(111),NiC111,Ni,1,-0.1,-0.14,0.09,-3.61,-3.37
Au(111),NiC111,C,1,-1.04,0.06,0.43,-3.94,-3.37
Au(111),NiC111,N,1,-0.82,0.15,0.26,-3.38,-3.37
Au(111),NiN111,Ni,1,-0.37,-0.15,0.1,-3.85,-3.68
Au(111),NiN111,C,1,-1.01,0.05,0.41,-4.01,-3.68
Au(111),NiN111,N,1,-0.83,0.13,0.26,-3.42,-3.68
Au(111),TiC111,Ti,1,-0.59,-0.52,0.27,-3.96,4.81
Au(111),TiN111,Ti,1,-0.62,-0.55,0.25,-3.94,2.64
Au(111),TiN111,C,1,-0.92,0.12,0.5,-3.54,2.64
Au(111),VC111,V,1,-0.36,-0.39,0.2,-3.78,0.62
Au(111),VC111,C,1,-0.75,0.11,0.45,-3.53,0.62
Au(111),VN111,V,1,-0.54,-0.41,0.01,-3.84,-0.51
Au(111),VN111,C,1,-0.53,0.11,0.36,-3.38,-0.51
Au(111),WC111,W,1,-0.47,-0.41,0.22,-3.6,5.86
Au(111),ZnN111,Zn,1,0.15,-0.21,0.22,-3.51,3.92
Au(111),ZnN111,N,1,-1.04,0.21,0.46,-3.44,3.92
Pt(111),CrC111,Cr,1,0.35,-0.39,0.28,-2.29,3.09
Pt(111),CuN111,C,1,-0.22,0.02,1.03,-2.66,5.16
Pt(111),CuN111,N,1,-0.39,0.2,0.78,-2.48,5.16
Pt(111),MoC111,Mo,1,0.56,-0.46,0.33,-2.12,10.68
Pt(111),NiC111,C,1,-0.48,0.06,0.88,-2.7,1.12
Pt(111),NiC111,N,1,-0.57,0.16,0.66,-2.55,1.12
Pt(111),NiN111,Ni,1,0.19,-0.25,0.17,-2.08,0.8
Pt(111),NiN111,C,1,-0.44,0.05,0.86,-2.69,0.8
Pt(111),NiN111,N,1,-0.64,0.18,0.65,-2.55,0.8
Pt(111),TiC111,Ti,1,0.5,-0.61,0.41,-2.52,9.67
Pt(111),TiN111,Ti,1,0.31,-0.63,0.39,-2.55,7.4
Pt(111),VC111,V,1,0.26,-0.51,0.34,-2.43,5.29
Pt(111),VC111,C,1,-0.14,0.05,0.91,-2.52,5.29
Pt(111),VN111,V,1,0.21,-0.52,0.03,-2.54,4.11
Pt(111),VN111,C,1,-0.26,0.04,0.8,-2.4,4.11
Pt(111),WC111,W,1,0.4,-0.52,0.35,-2.31,10.78
Pt(111),ZnN111,C,1,0.03,0.01,1.2,-2.87,8.74