Metal ,Support,Termination,Number of Metal Layers,E_OH(ligand),Delta Bader,ICOBI-L1,d-band center
Ag(111),CrC111,Cr,1,-0.11,-0.19,0.15,-4.07
Ag(111),CuN111,Cu,1,-0.1,-0.08,0.09,-3.99
Ag(111),CuN111,C,1,-0.37,0.1,0.4,-4.07
Ag(111),CuN111,N,1,-0.28,0.19,0.28,-3.72
Ag(111),MoC111,Mo,1,0.03,-0.21,0.18,-3.86
Ag(111),NiC111,Ni,1,-0.33,-0.06,0.08,-4.07
Ag(111),NiC111,C,1,-0.33,0.1,0.33,-4.05
Ag(111),NiC111,N,1,-0.03,0.17,0.21,-3.71
Ag(111),NiN111,Ni,1,-0.22,-0.07,0.09,-4.23
Ag(111),NiN111,C,1,-0.35,0.11,0.33,-4.12
Ag(111),NiN111,N,1,-0.16,0.19,0.2,-3.74
Ag(111),TiC111,Ti,1,-0.18,-0.41,0.21,-4.3
Ag(111),TiC111,N,1,-0.26,0.18,0.2,-3.41
Ag(111),TiN111,Ti,1,-0.26,-0.42,0.2,-4.23
Ag(111),VC111,V,1,-0.14,-0.28,0.17,-4.14
Ag(111),VC111,C,1,0.11,0.12,0.27,-3.81
Ag(111),VN111,V,1,-0.24,-0.29,0.01,-4.15
Ag(111),WC111,W,1,-0.1,-0.23,0.18,-3.98
Au(111),CrC111,Cr,1,-0.36,-0.29,0.16,-3.77
Au(111),CuN111,Cu,1,-0.24,-0.16,0.1,-3.53
Au(111),CuN111,C,1,-1.01,0.1,0.54,-3.9
Au(111),CuN111,N,1,-0.94,0.19,0.37,-3.45
Au(111),MoC111,Mo,1,-0.29,-0.36,0.21,-3.42
Au(111),NiC111,Ni,1,-0.1,-0.14,0.09,-3.61
Au(111),NiC111,C,1,-1.04,0.06,0.43,-3.94
Au(111),NiC111,N,1,-0.82,0.15,0.26,-3.38
Au(111),NiN111,Ni,1,-0.37,-0.15,0.1,-3.85
Au(111),NiN111,C,1,-1.01,0.05,0.41,-4.01
Au(111),NiN111,N,1,-0.83,0.13,0.26,-3.42
Au(111),TiC111,Ti,1,-0.59,-0.52,0.27,-3.96
Au(111),TiN111,Ti,1,-0.62,-0.55,0.25,-3.94
Au(111),TiN111,C,1,-0.92,0.12,0.5,-3.54
Au(111),VC111,V,1,-0.36,-0.39,0.2,-3.78
Au(111),VC111,C,1,-0.75,0.11,0.45,-3.53
Au(111),VN111,V,1,-0.54,-0.41,0.01,-3.84
Au(111),VN111,C,1,-0.53,0.11,0.36,-3.38
Au(111),WC111,W,1,-0.47,-0.41,0.22,-3.6
Au(111),ZnN111,Zn,1,0.15,-0.21,0.22,-3.51
Au(111),ZnN111,N,1,-1.04,0.21,0.46,-3.44
Pt(111),CrC111,Cr,1,0.35,-0.39,0.28,-2.29
Pt(111),CuN111,C,1,-0.22,0.02,1.03,-2.66
Pt(111),CuN111,N,1,-0.39,0.2,0.78,-2.48
Pt(111),MoC111,Mo,1,0.56,-0.46,0.33,-2.12
Pt(111),NiC111,C,1,-0.48,0.06,0.88,-2.7
Pt(111),NiC111,N,1,-0.57,0.16,0.66,-2.55
Pt(111),NiN111,Ni,1,0.19,-0.25,0.17,-2.08
Pt(111),NiN111,C,1,-0.44,0.05,0.86,-2.69
Pt(111),NiN111,N,1,-0.64,0.18,0.65,-2.55
Pt(111),TiC111,Ti,1,0.5,-0.61,0.41,-2.52
Pt(111),TiN111,Ti,1,0.31,-0.63,0.39,-2.55
Pt(111),VC111,V,1,0.26,-0.51,0.34,-2.43
Pt(111),VC111,C,1,-0.14,0.05,0.91,-2.52
Pt(111),VN111,V,1,0.21,-0.52,0.03,-2.54
Pt(111),VN111,C,1,-0.26,0.04,0.8,-2.4
Pt(111),WC111,W,1,0.4,-0.52,0.35,-2.31
Pt(111),ZnN111,C,1,0.03,0.01,1.2,-2.87