sample_index,Delta Bader,ICOBI-L1,Work Function,d-band center
24,-0.06826059347215147,-0.2152503225778049,-0.06998964964591001,-0.0816726187344828
27,-0.05645945346953685,-0.17479678758079423,-0.060617283886544866,-0.06425342821125737
39,0.14446561796010762,0.05367601248491205,0.10384318993946583,0.3405672800229787
15,-0.0008870470528899166,0.06742145875767747,0.06570115213946097,-0.025533405751800665
0,0.05433963516774,0.07806786604475456,6.17201142455448e-06,-0.03907441897013209
51,-0.03368020301451566,-0.041491772433536744,-0.03569508838673509,0.0160443577182212
47,-0.10526113846466048,-0.08879825281040613,-0.05065064469253763,0.1065483138958965
28,-0.12792331173816052,-0.019678445796398603,-0.11031731530020475,-0.1739918913912571
14,0.03461905762705309,0.05228363983764932,-0.009692826943423244,-0.05407736325870285
35,-0.08900091542738336,-0.03134550678748335,-0.020915948149381358,-0.09984397385731084
23,0.11130944399771275,0.06419115039044526,-0.009128277276208407,-0.04797694238900081
40,0.014373729909005983,0.05936558865913802,0.08916565718570145,0.06651112243869914
3,-0.016837280128785978,0.04437104041875847,0.0745983944657836,-0.05011150291830352
13,-0.0386629012277289,0.02113508313434259,-0.02852225003840396,-0.08307413850862203
11,-0.027547986736741296,0.022452427581373655,-0.02469527424636182,-0.01726875468360826
49,0.11019335639991544,0.020851531417934832,0.047405610143929626,0.25203280193551686
20,-0.07702285279314795,-0.24482586204803786,-0.02379974062038187,-0.07452386461096303
33,-0.11086918327753037,-0.23303974892986298,-0.07578894522119467,-0.13203546347045877
31,-0.129077746822587,-0.29094398679670747,-0.10422039983810905,-0.14927400850924272
29,-0.09442208766949838,-0.02417247094192243,-0.050015121333215944,-0.11855916017225421
22,0.06520476509107412,0.0007441711299001064,-0.08403424791414152,-0.12734842965761928
30,-0.15840250386342333,-0.017434635834744472,-0.07052308935178765,-0.16102199268759707
44,-0.09657710049042341,-0.07784210881667049,-0.04640256352976674,0.11134160952264369
48,0.1432982945731246,0.04833264792242431,0.08664831671553316,0.27611014429243713
8,0.004639256578152243,0.043857750592540684,-0.03000742904185807,-0.049794620772498535
2,-0.025483384991682692,-0.09766221286096397,0.048397775841039076,0.010110426846109535
25,-0.13196469925760648,-0.014585561211643838,-0.09484513962430903,-0.17329096685665327
10,-0.01277604248878364,0.11878061323224912,0.03743228644235001,-0.025532473864206796
52,0.10438925846999518,0.07435533947191353,0.11011912553104117,0.2474936895993408
36,-0.017406850654749985,-0.010334641754440821,-0.08669730442614225,-0.1552851226571282
41,-0.05405708870620337,-0.011968522481191053,0.0020461760225343097,0.07089448509567615
53,-0.009078728402236932,0.008974458409325523,-0.012334742614000561,0.09946602823494842
43,-0.021535261370138108,-0.0025940354351326263,-0.0012310134388618318,0.0358086876907134
12,-0.03913898327454242,0.1203355199835578,0.09461908512724128,-0.09479748381322552
50,0.10150672511818544,0.02450718086375764,0.07699623116016137,0.3154709373380859
16,0.033080849330154365,0.06739854289126507,0.016316207817254597,-0.0538699944168555
18,0.09609698199516417,0.06004168550267651,-0.026878836381718493,-0.07610689497510877
26,0.05750282399513542,0.037445201667929175,-0.03902899410462363,-0.06760891119937906
19,0.10136412814944447,0.05424011696838919,0.03763698140445039,0.014977391908475524
6,-0.015097101552832632,-0.03669165300907973,0.016786605001239834,-0.007554569647634873
42,0.1337703163479526,0.049609695479084004,0.10780316110214892,0.37597282230776946
55,0.04890005141387799,0.16092348853606225,0.14446923430270067,0.10619310003060592
38,-0.10430849136845115,-0.19849523475448586,-0.02275371071689658,-0.1440346917052655
7,-0.008746369077328925,0.1250454743026156,0.06303457171511076,-0.03119661170877119
46,-0.01853542311346874,-0.004322384027623947,-0.011949436659162434,0.04059562309320291
21,-0.09128596299213801,-0.11437964717255082,-0.007134198060475272,-0.11968328643643536
32,-0.023644184283467613,0.011466092964990876,-0.06363565304834637,-0.13712825578183765
34,-0.025238071307098583,0.083438828897013,-0.01824448890934928,-0.11513698352590059
37,0.1394620732858473,0.06419639559345659,0.08362808373808592,0.02166764390794218
4,0.08244947496670771,0.07738089712803067,-0.005648861121857612,-0.03291009415061568
5,0.04680343837190643,0.09399762965011763,0.01675335412374359,0.002294772492789754
1,0.023865361965845926,0.04770829915114668,-0.04128192142900984,-0.06356882732412694
54,0.11231612931232865,0.03810416447756382,0.08502701289624645,0.34239978896679185
9,-0.012794074621706201,-0.03547336196917935,0.010628551357310069,0.004736934838987829
17,0.0612938539027881,0.06758438257119657,-0.0071136381957813966,-0.043934232302526716
45,0.016738399182379814,0.02384277991646834,-0.07526890203725678,0.0338374167429504
