y_true,y_pred,y_std,residual
-0.11,-0.107085024997157,0.08167629325261513,-0.002914975002843004
-0.1,-0.07598989088677985,0.10146999617425079,-0.024010109113220157
-0.37,-0.3987796114043001,0.09386128463161117,0.02877961140430013
-0.28,-0.258129233591438,0.08342608677920826,-0.021870766408562003
0.03,-0.04499231652358035,0.08721193256132297,0.07499231652358035
-0.33,-0.1806305351098204,0.08595014469030332,-0.1493694648901796
-0.33,-0.39836147035188374,0.0700899006017448,0.06836147035188372
-0.03,-0.19963163835549402,0.07039239155733636,0.16963163835549402
-0.22,-0.29330117600835626,0.09973529349942699,0.07330117600835626
-0.35,-0.4291945303239765,0.07545941467817616,0.0791945303239765
-0.16,-0.207369691808916,0.07683883587862743,0.04736969180891601
-0.18,-0.21280755176986232,0.10183912146574878,0.03280755176986233
-0.26,-0.2656752197720674,0.11467571858727046,0.005675219772067364
-0.26,-0.31637162344838193,0.10227700381602414,0.056371623448381925
-0.14,-0.14098270685619177,0.08062847104570003,0.0009827068561917562
0.11,-0.052168050560911755,0.07943561244035212,0.16216805056091177
-0.24,-0.26853978085399854,0.09002288081905493,0.028539780853998553
-0.1,-0.0509427214729824,0.08672750358931339,-0.049057278527017606
-0.36,-0.3213645720789629,0.08272538839617019,-0.03863542792103708
-0.24,-0.1497907820342752,0.09881676925331616,-0.09020921796572479
-1.01,-0.9618660958822097,0.09760254899981462,-0.04813390411779028
-0.94,-0.7501246729045895,0.07525538742244671,-0.18987532709541044
-0.29,-0.262816406018467,0.0990729533943526,-0.027183593981532972
-0.1,-0.27147601413395406,0.09446259576937932,0.17147601413395405
-1.04,-0.9492859197439748,0.0757716589962385,-0.09071408025602523
-0.82,-0.6969538975574776,0.07501461963649471,-0.12304610244252234
-0.37,-0.3517697286165063,0.10074001029887313,-0.0182302713834937
-1.01,-0.9266517402828169,0.08307599244409884,-0.08334825971718307
-0.83,-0.7013230720222442,0.07751333552894701,-0.12867692797775576
-0.59,-0.5522256207649645,0.09673496231879447,-0.03777437923503546
-0.62,-0.5625128182152932,0.1064448069854097,-0.0574871817847068
-0.92,-0.8487153646402001,0.088269241673578,-0.0712846353597999
-0.36,-0.40601503927780447,0.08694332003266529,0.04601503927780448
-0.75,-0.8008586556084167,0.07113610649547988,0.050858655608416736
-0.54,-0.48663779334449797,0.09891570172637301,-0.053362206655502065
-0.53,-0.6199460974292477,0.08383095687047912,0.08994609742924764
-0.47,-0.42207777463926777,0.08418015955462589,-0.04792222536073221
0.15,0.04733804367119826,0.10852320761435733,0.10266195632880173
-1.04,-0.9930413909727805,0.10207749654716494,-0.04695860902721949
0.35,0.30086437913357966,0.10503402684739428,0.049135620866420315
-0.22,-0.1782868021912489,0.10017285514878019,-0.0417131978087511
-0.39,-0.3995777251247949,0.10683561698789207,0.009577725124794878
0.56,0.5135949881080073,0.1103664468599646,0.04640501189199275
-0.48,-0.475418287469842,0.08382977654208687,-0.004581712530157989
-0.57,-0.6063911597302939,0.07976494839599252,0.03639115973029394
0.19,0.18407486256060218,0.11783672248386412,0.005925137439397821
-0.44,-0.48388417434643793,0.08364807233536835,0.04388417434643793
-0.64,-0.6384831247095786,0.08418439376421719,-0.0015168752904214378
0.5,0.42808210825267856,0.10013130521912735,0.07191789174732144
0.31,0.3010341228844745,0.11562356650321602,0.008965877115525489
0.26,0.3269873495473754,0.09567151507742602,-0.0669873495473754
-0.14,-0.18695161608049354,0.09221692165186522,0.04695161608049353
0.21,0.19433747486325703,0.11559233318635903,0.01566252513674296
-0.26,-0.2127747779035168,0.10146880776842049,-0.04722522209648322
0.4,0.44195307760875113,0.09636104613343174,-0.04195307760875111
0.03,-0.005433966529233114,0.11560069304678228,0.03543396652923311
