sample_index,Delta Bader,d-band center,Strain
24,-0.26704331857419317,-0.17472047218364584,-0.21373491015458346
27,-0.26796590769632744,-0.16574736530173828,-0.24268163387121405
39,0.20681349624194795,0.24077742050903983,0.13843351545661758
15,-0.011221825577838629,0.12351564573340684,0.11140726198427224
0,0.17903376733642914,0.011102931100037516,-0.02180435500803604
51,-0.05583573098754671,0.08393002149281531,0.10319344972578001
47,-0.14604998581423462,-0.00993320778104978,-0.14736259354497022
28,-0.19734133238279822,-0.1996315402160928,-0.10416845023234433
14,0.09560512868355418,0.019456502871032164,0.022698273721276946
35,-0.14510505207387722,-0.05165270115864208,-0.04724334610620573
23,0.16320489357563117,0.02613844522864367,-0.023124502397584734
40,-0.04381664343955455,0.047753268539986835,0.07794679620187511
3,-0.04007762490733318,0.06144427586062754,0.0037888542637758565
13,0.03866623370716761,-0.00948029333639864,0.0011358196289297448
11,0.03366858462080666,0.02949743675993584,0.039535033412250134
49,0.19697651301050134,0.17415786029552094,0.18605100411291664
20,-0.20712325046994717,-0.10024986257427954,-0.21727319710995846
33,-0.17722758990053775,-0.1154690737930043,-0.13591971030237393
31,-0.1933025443346863,-0.2667770611167837,-0.10139089897871867
29,-0.07131635632442682,-0.15896812606250066,-0.0395425184922675
22,0.017308164684706015,-0.07035322068889996,0.049207286076373744
30,-0.13538513165961105,-0.1066115282472617,-0.054034812664744025
44,-0.14137143745607372,-0.026383030185392897,-0.11892856663091908
48,0.2552933660627748,0.2231953834662349,0.2505791688838898
8,0.03653686919005247,0.05091893819712458,-0.021743066222103355
2,-0.10803202659549632,0.011406120677782142,-0.004344002245279546
25,-0.18009364398015548,-0.2334247929827512,-0.0772736392956469
10,0.05898188976666996,0.047619079818986165,0.06102991670323585
52,0.17059495301808497,0.2161888342049481,0.09116897509118621
36,-0.04904855335259324,-0.10640162899647604,0.0023557937564267495
41,-0.1432105898248986,0.023898771123337145,0.037090283187454345
53,-0.08719624183629743,0.09623127103913857,0.03086935053705299
43,-0.09105433879393884,0.014633259846829616,-0.08986493799825591
12,-0.09010201578107173,-0.09658299759986745,0.19324880520726267
50,0.1695022195525063,0.2252976934995255,0.12363287341986973
16,0.12087986692345232,0.009053222595945182,-0.06700945879237977
18,0.03942083357642201,-0.04390037241793769,-0.05640655718609518
26,0.123037257262065,-0.057018845521222786,-0.12047907796412677
19,0.19434583639133882,-0.05838360771127436,-0.0845513171479831
6,-0.09474340133443131,-0.017010867177169015,0.015864670069201517
42,0.23888353320272482,0.28080626902205985,0.26243544165861166
55,0.026278856844488496,0.10588499871373869,0.1609524048905018
38,-0.25350062851163635,-0.2822977205454579,-0.14030678433417232
7,0.041116625292931086,0.04489703547853725,0.1018180580234489
46,-0.08604893160631047,0.04573790228385638,-0.11091948568639184
21,-0.21297530240051293,-0.21697414286350908,-0.1608481678420265
32,0.04751488297367873,-0.054859084844909214,-0.06645009171554632
34,0.03521163077725464,-0.1088944656252907,-0.1427785605287489
37,0.291724437210362,0.02719746249290117,0.08324003263795665
4,0.14651619614866945,0.028099612144067698,0.11267474793980681
5,0.009351902431929682,-0.02190177221435759,-0.034696977508615987
1,0.1102658972648104,0.023643161015186792,0.03990436865831541
54,0.22030089969587396,0.24187915547569577,0.20898456245262037
9,-0.07652012156311357,0.03152722568016544,-0.013189534622588157
17,0.11660992600766945,-0.0025931670691629327,0.08989523412291306
45,0.18906486572493872,0.19033174304796863,0.05892917276005727
