sample_index,Delta Bader,ICOBI-L1,Strain
24,-0.19713690235186476,-0.24007022319234247,-0.24168677988720416
27,-0.1912709200672737,-0.2001768913418806,-0.28667345777227815
39,0.184177368407317,0.18000245774473733,0.1925376047827264
15,0.042494229700022756,0.1644655208927958,0.14454824040604697
0,0.10058274345337763,0.09264282764319767,-0.022216032724892254
51,0.013557512122585047,0.03646151230471946,0.08931172740207623
47,-0.10123786661516335,-0.13608007791835186,-0.0821297084437683
28,-0.13588687445487135,-0.05484251197911172,-0.3154966413182896
14,0.08569547135410607,0.08770894783672045,0.05417957232267223
35,-0.06618604509197018,-0.08240983885623789,-0.06996495803185092
23,0.06440341881275405,0.08161948028134502,-0.06674295927939797
40,0.003201931936309785,0.016260948058745228,0.05242400314493158
3,-0.11204071559369368,0.08361077643949709,0.04119197945673045
13,0.01085762924339178,-0.008325073942183125,0.07052889923081837
11,-0.012917775714158392,-0.028460408719478962,0.026823526056119783
49,0.20705554440457985,0.14713001543237747,0.21335912284496203
20,-0.1608725214313807,-0.3867349154791585,-0.1104402960184453
33,-0.12720248147591318,-0.2897101440880257,-0.04566984273431446
31,-0.1706318716366837,-0.37634183045312997,-0.045675539757119465
29,-0.10961985616605775,-0.057713600306869006,-0.02588063883160846
22,0.003922197456469812,0.00546393588990345,0.0078458297036997
30,-0.21598542259349218,-0.03498713237732015,-0.05424227471258031
44,-0.09114069234655672,-0.14575885827320834,-0.0570627085458674
48,0.25368977765878065,0.17396055988801928,0.3058322885204091
8,0.01187826564459507,0.08511575524033833,-0.055527527939660135
2,-0.038593835528452775,-0.1287391703763259,0.0499770800468613
25,-0.10115876263044746,-0.04047578826379328,-0.22417077031615057
10,0.03901963755901934,0.09477846879342218,-0.024597238038635977
52,0.11580623768590298,0.1949637911667756,0.14315775095679178
36,-0.030071914466638476,-0.031378865678445535,-0.0016883560606928694
41,-0.07376616553766653,-0.020782123960203132,0.008046070969828983
53,-0.0006660852557079794,-0.0037301634002909305,0.03679274510994562
43,-0.023441470258857594,-0.11442401245245004,-0.02726211498605499
12,-0.04306747723970073,0.0732892398209281,1.0765700112790044e-05
50,0.14201090014526518,0.16082569421913107,0.14098278893085464
16,0.0674426510309746,-0.01776436448972516,-0.010314966751941705
18,-0.02146620903002132,0.04501993656177998,-0.06853833416746924
26,0.0612977490040368,0.07079652763221583,-0.1061281275843123
19,0.07690393428225381,0.036351877622126785,-0.010845038505583535
6,-0.02730774793128097,0.01983998979230836,-0.041278575509355306
42,0.2618104029273765,0.21183157731886926,0.3002538731189488
55,0.057223450642229334,0.10389550737518838,0.1327604219392683
38,-0.25572627306830786,-0.32286309353673404,-0.11007848112393537
7,0.04680225615499606,0.09912693252512997,0.02214313188419889
46,-0.019779246855031712,-0.1001641817051648,-0.03152281932343709
21,-0.2430661708580424,-0.18928567586860062,-0.13335933846402015
32,-0.07194242707620462,0.038838793884521085,-0.023840585001814622
34,-0.06184934759023608,-0.04070291319342734,-0.11842062871524374
37,0.19575183864240764,0.12676143716089525,0.08805393402116107
4,0.14902620641187442,0.0886988501496867,0.02988667660881239
5,-0.006507417024240805,0.07002690927774999,-0.04952042549842035
1,0.06118091649938118,0.061201101298231426,0.03742964359708617
54,0.2277804325789306,0.1932904268733847,0.28410020071790854
9,-0.058936382234478196,-0.004012079202008245,-0.10494627740025093
17,0.1305094229577815,0.0801561576259859,0.014422484674106617
45,0.15539475140767506,0.13179798230374068,0.07932108129751558
