sample_index,Delta Bader,ICOBI-L1,Work Function,d-band center,Strain
24,0.005987085300956707,-0.2971203683204605,-0.044482899130380574,-0.039054250847519234,-0.28060952777327947
27,0.011424087765889768,-0.2502196494204929,-0.03631783874740765,-0.011356781507246795,-0.3135106216980179
39,0.07965664747995373,0.03133747896556138,0.13103327057441905,0.27715205821825495,0.0806156592432227
15,0.10031474626068965,0.07499633141000243,0.014227224418812585,-9.817874534007176e-05,0.08119738354901071
0,0.014467471394946363,0.21566957073345544,0.030866867537951374,-0.02052237015885185,-0.05434234286534109
51,0.0031808355375524955,-0.0612997544940962,-0.07541146856966775,0.12471448998106345,0.11466031264079597
47,-0.09842788521276534,-0.2603874280085131,-0.06129822426197945,0.09231469563941035,-0.01049294372641224
28,-0.009219232866747407,0.031108284091447,-0.0013137915675778822,-0.1454252732024366,-0.3025496429109304
14,-0.04581009813563178,0.15812543707591678,0.028328000350406217,-0.032666415629739626,0.05605993467340479
35,0.013279116780089514,-0.1398480351976432,0.004267421641164393,-0.16982896014160415,-0.0581589438404845
23,0.06502713831203522,0.21275067936046485,0.03475867118380853,-0.08672139837552235,-0.20643883142910163
40,0.020737807386090185,0.04039577176327499,-0.10109186860118646,0.05694903940031671,0.09532583461682398
3,0.03867704814168574,0.03754361524405604,-0.05079709681871365,-0.04338727483792974,0.05367536954393622
13,-0.1265512819219647,0.07616013104441781,0.033718309915131126,-0.08587273916341351,0.07650499576271613
11,-0.14065181270305116,0.08611879849156505,0.014298979726840591,-0.005897048542765224,0.10999733099532115
49,-0.010058574118781234,-0.003593287491993613,0.1674848376259854,0.24477067926441265,0.1945130803029742
20,-0.004373243867732413,-0.4771920920425388,-0.11791477711447226,-0.05995327248577637,-0.012786324639358892
33,0.00300572629185214,-0.32178897368831455,-0.07310764777919229,-0.16265923130829704,0.006417169861776631
31,-0.006927442179721965,-0.37378500380159657,-0.10297345436772304,-0.16524376756375167,0.08946494578978303
29,-0.23758277165709088,0.02569125231354936,0.011764967135894644,-0.13316596316166898,0.07407400973680668
22,-0.043323059346184085,0.06609327800655057,0.032924210035343925,-0.14044148370134843,0.09704752013828628
30,-0.2316114213712579,0.036563488219728595,0.0537634353500431,-0.14730505850135325,0.024892861908499986
44,-0.08642111296600417,-0.2573371448828303,-0.060471088246172734,0.09843281998755275,0.00468819155570388
48,0.07205808284768223,-0.006859110989391959,0.11262777021769123,0.28060767383288787,0.2468835987843401
8,0.05862225603034083,0.19120224094551103,-0.02603413829744831,-0.025578366128381904,-0.19831562997760516
2,0.04978127091276861,-0.20263131713344293,-0.07875434793834118,0.07852609528423385,0.046478356752711
25,-0.012864435218748872,0.030653208594356683,-0.0015871060954149585,-0.1567690981383492,-0.26942566207937974
10,0.07689346804854416,0.190775763926363,0.03614161040653656,-0.028111125956128705,-0.19172748881903368
52,-0.036771454259629244,0.06738751392653257,0.1350071806221716,0.22709427885680508,0.083385980653505
36,-0.11160017169360066,0.057634232872525455,0.027310732201583005,-0.15945598068425054,0.09261943757980942
41,-0.08367519516728458,-0.13347207662617736,-0.12582650314119517,0.13362503139274148,0.10479310369319306
53,-0.0014613075336245979,-0.15725728870754035,-0.06150577488763477,0.18154808232421216,0.10044368842889023
43,-0.013587426268939757,-0.12163421433980538,-0.10751265182661467,0.07184724348954777,-0.00475919188459073
12,0.022897288766572862,0.1286491749426018,-0.04380963619392804,-0.14850065266907456,0.07556624915626103
50,0.032326177944720424,0.0030631294431215927,0.13588896049128316,0.29762942931248815,0.13321087849923677
16,-0.04819053296620743,0.17253344676243876,-0.02116171375366532,-0.07263409169012201,-0.020060070693643118
18,-0.01737382172388028,0.1585875243960314,0.022855198299202927,-0.10605514330920629,-0.09119660019771801
26,0.055122808182374444,0.1628243401937261,0.03441245255367545,-0.08213100220959789,-0.20615771720212075
19,0.08823367560155276,0.13119504319447226,0.02072688471414427,-0.09488544042372891,-0.019004755589512645
6,0.06341697348993436,-0.0711683260915688,0.013023499222588164,0.06549953357556003,-0.1860429668797153
42,0.11307972706603188,0.02226112798625479,0.11261793523273657,0.3431020447140387,0.19160247258458166
55,0.0338853670318902,0.14112138653657555,-0.047448191628312465,0.004782251134238358,0.15778497114018467
38,-0.08704024033441078,-0.30086873378968604,-0.20605557362317198,-0.18857802264314516,0.06853847025860105
7,0.07466118281089637,0.17557021561482924,0.03622039067118783,-0.04064210852478915,-0.1676531445481889
46,-0.01116901193306219,-0.14447047685352804,-0.0971501019991054,0.08242706778277442,-0.013475249341210317
21,-0.022387901606742845,-0.1781532546662707,-0.07560925833960229,-0.17875476960015937,0.007448491782072686
32,-0.10853158860372877,0.09618863038403179,0.02774533585684751,-0.1344841354732338,0.0018765917192010845
34,-0.12243248898484607,0.13851368168993555,-0.01982913798781913,-0.1299893629839846,-0.05394691619512229
37,0.09502763354495844,0.08251664878944802,0.147506098571784,-0.0989751650226044,0.1289043523951246
4,0.054639247495746814,0.13122498930663062,0.016188580312360062,-0.06817877539756977,0.1084274529185581
5,0.06728977105313191,0.26686993741570325,-0.009338829133214294,-0.020254051907845048,-0.19278697451914723
1,0.10863650414958446,0.1690177949158454,-0.0333174369282242,-0.05653891762579439,0.03417119780324853
54,0.10444743444036042,0.015106428132682703,0.10686088127145854,0.3242966344471519,0.21675186037303762
9,0.06663199138052768,-0.06919241179888103,0.016828845475657328,0.09188091002440645,-0.21415397069068964
17,0.03486010801908848,0.12805887167925029,0.02006613089536581,-0.048849014488568515,0.11170943755588762
45,0.08977483317318914,0.07476949997591391,0.10065587446608884,0.21176463408900087,-0.0021356748969043604
