sample_index,Delta Bader,ICOBI-L1,d-band center
24,-0.12275247573533787,-0.3430944372591574,-0.11512014581541513
27,-0.12094529882066335,-0.2906860988344795,-0.1021926995846521
39,0.20242413712939428,0.08995219954388167,0.3449033585514917
15,0.030720709569944132,0.10802168943630745,0.024325813259331697
0,0.0675663799113743,0.13472884816585104,-0.04589838928700887
51,-0.027540568379924663,0.005711795790798696,0.0799650853666436
47,-0.14862683547482394,-0.2160898120716448,0.06785130667276518
28,-0.10397554099386735,0.035957463976482584,-0.2112630606717642
14,0.0736252887119162,0.11873959080245987,-0.025331448324653894
35,-0.14280378688693401,-0.11780930922726351,-0.17408234324972133
23,0.10380852858834574,0.0485282989468345,-0.05343274291651176
40,-0.004273654114786529,0.06612422543558333,0.0392194107079381
3,-0.013377407052485635,0.06147303411684388,-0.033233459545562255
13,-0.042737846989665915,0.08749602298625106,-0.00842269934659605
11,-0.01102215842421439,0.08763286268699332,0.009093142671002433
49,0.2435715730155139,0.05129208139067798,0.33861341457667593
20,-0.1237472454155818,-0.46696574935755497,-0.1217845356973215
33,-0.13851779620412225,-0.2820395593187359,-0.12214670515615783
31,-0.1454852080173144,-0.33128786403482846,-0.1198693059212283
29,-0.17479300878504217,0.0393056152479912,-0.13533133684965704
22,0.06784113908861639,0.07584225045317441,-0.13124772308235697
30,-0.20731887352225864,0.043559823124492136,-0.14188410389052375
44,-0.1440954168302277,-0.21154840259616436,0.06922023906972913
48,0.25814173919728267,0.04319508550428375,0.3583518498965974
8,-0.02074740158214941,0.12073402612443673,-0.04425983999401531
2,-0.06571779001420358,-0.24167495209937573,-0.02956251249539993
25,-0.13186721653176864,0.02303581657979198,-0.24497647685529333
10,0.04688464963778635,0.18698514536747185,0.007192668110216516
52,0.12727283258224942,0.04165985050622262,0.28886858455331293
36,-0.05986604954057617,0.07018250774006302,-0.15745899762674137
41,-0.08856326207547043,-0.09283433519932632,0.06789561504615504
53,-0.04336349475003591,-0.06923158592936325,0.13777521224962147
43,-0.05371126755169159,-0.038116296228653854,-0.02353838532133952
12,-0.08600871134206062,0.11429852581493855,-0.21801215441578303
50,0.20445347773624745,0.05396438712653007,0.3767563794630636
16,0.05000715690737046,-0.013401585872743847,-0.018811977987570592
18,0.054615343437798614,0.09019053882941694,-0.09323229342777276
26,0.060605059794492155,0.08315427164969416,-0.059420793553275536
19,0.12995773658817122,0.044796540048446354,-0.054574530035710334
6,-0.010730637551125688,-0.03794815556364964,0.025432425836574596
42,0.22003967078528508,0.08185625558791099,0.4521406710662429
55,0.03925733556343719,0.1909150053754416,0.04960448912882515
38,-0.20350517374107122,-0.27119478637585154,-0.19434785370484564
7,0.03537152298182794,0.17643861806121863,-0.011615082075931121
46,-0.05463950117559878,-0.05567826032683777,-0.017787863025562678
21,-0.1900891344839558,-0.16359883999500158,-0.22015713514299126
32,-0.07303341081836864,0.08276894708017823,-0.13254466060857847
34,-0.07583256548359449,-0.008010073429880915,-0.14402043563395142
37,0.24216841425447472,0.14085459865566166,-0.03713825744002375
4,0.11274252760010334,0.14694489316718784,-0.049798922652190325
5,-0.007157470580371167,0.12187080066177153,-0.045350074992746264
1,0.012163369648013234,0.12273956190888999,-0.04711427314924779
54,0.21688848880581574,0.06187556398520311,0.4335910456115913
9,-0.003920225278175857,-0.03414232308019599,0.043011731920930926
17,0.09165091209660145,0.14139712983323927,-0.04895048963094123
45,0.14898844051540677,0.09112855508808648,0.22010126535033284
