y_true,y_pred,residual
-0.11,-0.26391190007937915,0.15391190007937916
-0.1,-0.3144024806671303,0.21440248066713027
-0.37,-0.5531778988664429,0.18317789886644287
-0.28,-0.21493726462912752,-0.06506273537087251
0.03,-0.14795645103773092,0.17795645103773092
-0.33,-0.3962984436677163,0.06629844366771631
-0.33,-0.5008350950631973,0.17083509506319733
-0.03,-0.26835822329118336,0.23835822329118336
-0.22,-0.275893453911975,0.055893453911975005
-0.35,-0.36155910252407525,0.011559102524075271
-0.16,-0.06245210186967223,-0.09754789813032777
-0.18,-0.3016884953776755,0.12168849537767551
-0.26,-0.5220732397918201,0.26207323979182007
-0.26,-0.30495618491709525,0.04495618491709524
-0.14,-0.2588239876810261,0.11882398768102609
0.11,-0.6420055447112736,0.7520055447112736
-0.24,-0.19095710066728666,-0.04904289933271333
-0.1,-0.059928804283517184,-0.04007119571648282
-0.36,-0.3207246528909524,-0.039275347109047565
-0.24,-0.2765324016554219,0.03653240165542193
-1.01,-0.014159688797679926,-0.9958403112023201
-0.94,-0.5637305725088946,-0.37626942749110537
-0.29,-0.3571000346151383,0.0671000346151383
-0.1,-0.33770958720656064,0.23770958720656063
-1.04,-0.7862360704696989,-0.25376392953030114
-0.82,-0.7111792283529323,-0.1088207716470676
-0.37,-0.21004932091796547,-0.15995067908203453
-1.01,-0.8947710702935046,-0.11522892970649545
-0.83,-0.7230556608119205,-0.10694433918807944
-0.59,-0.3411381168652588,-0.24886188313474117
-0.62,-0.33264624217932715,-0.28735375782067285
-0.92,-0.3686299422410525,-0.5513700577589475
-0.36,-0.421702051125132,0.061702051125131996
-0.75,-0.586253501442382,-0.16374649855761803
-0.54,-0.34095459691637336,-0.19904540308362667
-0.53,-0.5956725195243354,0.0656725195243354
-0.47,-0.304645304756952,-0.16535469524304797
0.15,-0.2885662017772217,0.4385662017772217
-1.04,-0.4092357124738053,-0.6307642875261947
0.35,-0.2629445045166349,0.6129445045166348
-0.22,-0.1831799931703652,-0.036820006829634794
-0.39,-0.26388247319267516,-0.12611752680732485
0.56,-0.04756501214418002,0.60756501214418
-0.48,-0.43268672298134897,-0.04731327701865101
-0.57,-0.6010963022205629,0.03109630222056292
0.19,-0.28929283598839217,0.4792928359883922
-0.44,-0.4556056749775287,0.015605674977528683
-0.64,-0.518233883810856,-0.12176611618914401
0.5,-0.18658373675647424,0.6865837367564742
0.31,-0.2023061908079869,0.5123061908079869
0.26,-0.048472947420309165,0.3084729474203092
-0.14,-0.25059625289237475,0.11059625289237474
0.21,-0.021149844519306127,0.23114984451930612
-0.26,-0.22251338530524245,-0.03748661469475756
0.4,0.1491904493165081,0.2508095506834919
0.03,-0.2970908608114507,0.32709086081145067
